{"competitorname":{"0":"100 Grand","1":"3 Musketeers","2":"One dime","3":"One quarter","4":"Air Heads","5":"Almond Joy","6":"Baby Ruth","7":"Boston Baked Beans","8":"Candy Corn","9":"Caramel Apple Pops","10":"Charleston Chew","11":"Chewey Lemonhead Fruit Mix","12":"Chiclets","13":"Dots","14":"Dum Dums","15":"Fruit Chews","16":"Fun Dip","17":"Gobstopper","18":"Haribo Gold Bears","19":"Haribo Happy Cola","20":"Haribo Sour Bears","21":"Haribo Twin Snakes","22":"Hershey\u221a\u0425s Kisses","23":"Hershey\u221a\u0425s Krackel","24":"Hershey\u221a\u0425s Milk Chocolate","25":"Hershey\u221a\u0425s Special Dark","26":"Jawbusters","27":"Junior Mints","28":"Kit Kat","29":"Laffy Taffy","30":"Lemonhead","31":"Lifesa ers big ring gummies","32":"Peanut butter M&M\u221a\u0425s","33":"M&M\u221a\u0425s","34":"Mike & Ike","35":"Milk Duds","36":"Milky Way","37":"Milky Way Midnight","38":"Milky Way Simply Caramel","39":"Mounds","40":"Mr Good Bar","41":"Nerds","42":"Nestle Butterfinger","43":"Nestle Crunch","44":"Nik L Nip","45":"Now & Later","46":"Payday","47":"Peanut M&Ms","48":"Pixie Sticks","49":"Pop Rocks","50":"Red ines","51":"Reese\u221a\u0425s Miniatures","52":"Reese\u221a\u0425s Peanut Butter cup","53":"Reese\u221a\u0425s pieces","54":"Reese\u221a\u0425s stuffed with pieces","55":"Ring pop","56":"Rolo","57":"Root Beer Barrels","58":"Runts","59":"Sixlets","60":"Skittles original","61":"Skittles wildberry","62":"Nestle Smarties","63":"Smarties candy","64":"Snickers","65":"Snickers Crisper","66":"Sour Patch Kids","67":"Sour Patch Tricksters","68":"Starburst","69":"Strawberry bon bons","70":"Sugar Babies","71":"Sugar Daddy","72":"Super Bubble","73":"Swedish Fish","74":"Tootsie Pop","75":"Tootsie Roll Juniors","76":"Tootsie Roll Midgies","77":"Tootsie Roll Snack Bars","78":"Trolli Sour Bites","79":"Twix","80":"Twizzlers","81":"Warheads","82":"Welch\u221a\u0425s Fruit Snacks","83":"Werther\u221a\u0425s Original Caramel","84":"Whoppers"},"chocolate":{"0":1,"1":1,"2":0,"3":0,"4":0,"5":1,"6":1,"7":0,"8":0,"9":0,"10":1,"11":0,"12":0,"13":0,"14":0,"15":0,"16":0,"17":0,"18":0,"19":0,"20":0,"21":0,"22":1,"23":1,"24":1,"25":1,"26":0,"27":1,"28":1,"29":0,"30":0,"31":0,"32":1,"33":1,"34":0,"35":1,"36":1,"37":1,"38":1,"39":1,"40":1,"41":0,"42":1,"43":1,"44":0,"45":0,"46":0,"47":1,"48":0,"49":0,"50":0,"51":1,"52":1,"53":1,"54":1,"55":0,"56":1,"57":0,"58":0,"59":1,"60":0,"61":0,"62":1,"63":0,"64":1,"65":1,"66":0,"67":0,"68":0,"69":0,"70":0,"71":0,"72":0,"73":0,"74":1,"75":1,"76":1,"77":1,"78":0,"79":1,"80":0,"81":0,"82":0,"83":0,"84":1},"fruity":{"0":0,"1":0,"2":0,"3":0,"4":1,"5":0,"6":0,"7":0,"8":0,"9":1,"10":0,"11":1,"12":1,"13":1,"14":1,"15":1,"16":1,"17":1,"18":1,"19":0,"20":1,"21":1,"22":0,"23":0,"24":0,"25":0,"26":1,"27":0,"28":0,"29":1,"30":1,"31":1,"32":0,"33":0,"34":1,"35":0,"36":0,"37":0,"38":0,"39":0,"40":0,"41":1,"42":0,"43":0,"44":1,"45":1,"46":0,"47":0,"48":0,"49":1,"50":1,"51":0,"52":0,"53":0,"54":0,"55":1,"56":0,"57":0,"58":1,"59":0,"60":1,"61":1,"62":0,"63":1,"64":0,"65":0,"66":1,"67":1,"68":1,"69":1,"70":0,"71":0,"72":1,"73":1,"74":1,"75":0,"76":0,"77":0,"78":1,"79":0,"80":1,"81":1,"82":1,"83":0,"84":0},"caramel":{"0":1,"1":0,"2":0,"3":0,"4":0,"5":0,"6":1,"7":0,"8":0,"9":1,"10":0,"11":0,"12":0,"13":0,"14":0,"15":0,"16":0,"17":0,"18":0,"19":0,"20":0,"21":0,"22":0,"23":0,"24":0,"25":0,"26":0,"27":0,"28":0,"29":0,"30":0,"31":0,"32":0,"33":0,"34":0,"35":1,"36":1,"37":1,"38":1,"39":0,"40":0,"41":0,"42":0,"43":0,"44":0,"45":0,"46":0,"47":0,"48":0,"49":0,"50":0,"51":0,"52":0,"53":0,"54":0,"55":0,"56":1,"57":0,"58":0,"59":0,"60":0,"61":0,"62":0,"63":0,"64":1,"65":1,"66":0,"67":0,"68":0,"69":0,"70":1,"71":1,"72":0,"73":0,"74":0,"75":0,"76":0,"77":0,"78":0,"79":1,"80":0,"81":0,"82":0,"83":1,"84":0},"peanutyalmondy":{"0":0,"1":0,"2":0,"3":0,"4":0,"5":1,"6":1,"7":1,"8":0,"9":0,"10":0,"11":0,"12":0,"13":0,"14":0,"15":0,"16":0,"17":0,"18":0,"19":0,"20":0,"21":0,"22":0,"23":0,"24":0,"25":0,"26":0,"27":0,"28":0,"29":0,"30":0,"31":0,"32":1,"33":0,"34":0,"35":0,"36":0,"37":0,"38":0,"39":0,"40":1,"41":0,"42":1,"43":0,"44":0,"45":0,"46":1,"47":1,"48":0,"49":0,"50":0,"51":1,"52":1,"53":1,"54":1,"55":0,"56":0,"57":0,"58":0,"59":0,"60":0,"61":0,"62":0,"63":0,"64":1,"65":1,"66":0,"67":0,"68":0,"69":0,"70":0,"71":0,"72":0,"73":0,"74":0,"75":0,"76":0,"77":0,"78":0,"79":0,"80":0,"81":0,"82":0,"83":0,"84":0},"nougat":{"0":0,"1":1,"2":0,"3":0,"4":0,"5":0,"6":1,"7":0,"8":0,"9":0,"10":1,"11":0,"12":0,"13":0,"14":0,"15":0,"16":0,"17":0,"18":0,"19":0,"20":0,"21":0,"22":0,"23":0,"24":0,"25":0,"26":0,"27":0,"28":0,"29":0,"30":0,"31":0,"32":0,"33":0,"34":0,"35":0,"36":1,"37":1,"38":0,"39":0,"40":0,"41":0,"42":0,"43":0,"44":0,"45":0,"46":1,"47":0,"48":0,"49":0,"50":0,"51":0,"52":0,"53":0,"54":0,"55":0,"56":0,"57":0,"58":0,"59":0,"60":0,"61":0,"62":0,"63":0,"64":1,"65":0,"66":0,"67":0,"68":0,"69":0,"70":0,"71":0,"72":0,"73":0,"74":0,"75":0,"76":0,"77":0,"78":0,"79":0,"80":0,"81":0,"82":0,"83":0,"84":0},"crispedricewafer":{"0":1,"1":0,"2":0,"3":0,"4":0,"5":0,"6":0,"7":0,"8":0,"9":0,"10":0,"11":0,"12":0,"13":0,"14":0,"15":0,"16":0,"17":0,"18":0,"19":0,"20":0,"21":0,"22":0,"23":1,"24":0,"25":0,"26":0,"27":0,"28":1,"29":0,"30":0,"31":0,"32":0,"33":0,"34":0,"35":0,"36":0,"37":0,"38":0,"39":0,"40":0,"41":0,"42":0,"43":1,"44":0,"45":0,"46":0,"47":0,"48":0,"49":0,"50":0,"51":0,"52":0,"53":0,"54":0,"55":0,"56":0,"57":0,"58":0,"59":0,"60":0,"61":0,"62":0,"63":0,"64":0,"65":1,"66":0,"67":0,"68":0,"69":0,"70":0,"71":0,"72":0,"73":0,"74":0,"75":0,"76":0,"77":0,"78":0,"79":1,"80":0,"81":0,"82":0,"83":0,"84":1},"hard":{"0":0,"1":0,"2":0,"3":0,"4":0,"5":0,"6":0,"7":0,"8":0,"9":0,"10":0,"11":0,"12":0,"13":0,"14":1,"15":0,"16":1,"17":1,"18":0,"19":0,"20":0,"21":0,"22":0,"23":0,"24":0,"25":0,"26":1,"27":0,"28":0,"29":0,"30":1,"31":0,"32":0,"33":0,"34":0,"35":0,"36":0,"37":0,"38":0,"39":0,"40":0,"41":1,"42":0,"43":0,"44":0,"45":0,"46":0,"47":0,"48":0,"49":1,"50":0,"51":0,"52":0,"53":0,"54":0,"55":1,"56":0,"57":1,"58":1,"59":0,"60":0,"61":0,"62":0,"63":1,"64":0,"65":0,"66":0,"67":0,"68":0,"69":1,"70":0,"71":0,"72":0,"73":0,"74":1,"75":0,"76":0,"77":0,"78":0,"79":0,"80":0,"81":1,"82":0,"83":1,"84":0},"bar":{"0":1,"1":1,"2":0,"3":0,"4":0,"5":1,"6":1,"7":0,"8":0,"9":0,"10":1,"11":0,"12":0,"13":0,"14":0,"15":0,"16":0,"17":0,"18":0,"19":0,"20":0,"21":0,"22":0,"23":1,"24":1,"25":1,"26":0,"27":0,"28":1,"29":0,"30":0,"31":0,"32":0,"33":0,"34":0,"35":0,"36":1,"37":1,"38":1,"39":1,"40":1,"41":0,"42":1,"43":1,"44":0,"45":0,"46":1,"47":0,"48":0,"49":0,"50":0,"51":0,"52":0,"53":0,"54":0,"55":0,"56":0,"57":0,"58":0,"59":0,"60":0,"61":0,"62":0,"63":0,"64":1,"65":1,"66":0,"67":0,"68":0,"69":0,"70":0,"71":0,"72":0,"73":0,"74":0,"75":0,"76":0,"77":1,"78":0,"79":1,"80":0,"81":0,"82":0,"83":0,"84":0},"pluribus":{"0":0,"1":0,"2":0,"3":0,"4":0,"5":0,"6":0,"7":1,"8":1,"9":0,"10":0,"11":1,"12":1,"13":1,"14":0,"15":1,"16":0,"17":1,"18":1,"19":1,"20":1,"21":1,"22":1,"23":0,"24":0,"25":0,"26":1,"27":1,"28":0,"29":0,"30":0,"31":0,"32":1,"33":1,"34":1,"35":1,"36":0,"37":0,"38":0,"39":0,"40":0,"41":1,"42":0,"43":0,"44":1,"45":1,"46":0,"47":1,"48":1,"49":1,"50":1,"51":0,"52":0,"53":1,"54":0,"55":0,"56":1,"57":1,"58":1,"59":1,"60":1,"61":1,"62":1,"63":1,"64":0,"65":0,"66":1,"67":1,"68":1,"69":1,"70":1,"71":0,"72":0,"73":1,"74":0,"75":0,"76":1,"77":0,"78":1,"79":0,"80":0,"81":0,"82":1,"83":0,"84":1},"sugarpercent":{"0":0.73199999,"1":0.60399997,"2":0.011,"3":0.011,"4":0.90600002,"5":0.465,"6":0.60399997,"7":0.31299999,"8":0.90600002,"9":0.60399997,"10":0.60399997,"11":0.73199999,"12":0.046,"13":0.73199999,"14":0.73199999,"15":0.127,"16":0.73199999,"17":0.90600002,"18":0.465,"19":0.465,"20":0.465,"21":0.465,"22":0.127,"23":0.43000001,"24":0.43000001,"25":0.43000001,"26":0.093000002,"27":0.197,"28":0.31299999,"29":0.22,"30":0.046,"31":0.26699999,"32":0.82499999,"33":0.82499999,"34":0.87199998,"35":0.30199999,"36":0.60399997,"37":0.73199999,"38":0.96499997,"39":0.31299999,"40":0.31299999,"41":0.84799999,"42":0.60399997,"43":0.31299999,"44":0.197,"45":0.22,"46":0.465,"47":0.59299999,"48":0.093000002,"49":0.60399997,"50":0.58099997,"51":0.034000002,"52":0.72000003,"53":0.40599999,"54":0.98799998,"55":0.73199999,"56":0.86000001,"57":0.73199999,"58":0.87199998,"59":0.22,"60":0.94099998,"61":0.94099998,"62":0.26699999,"63":0.26699999,"64":0.546,"65":0.60399997,"66":0.068999998,"67":0.068999998,"68":0.15099999,"69":0.56900001,"70":0.96499997,"71":0.41800001,"72":0.162,"73":0.60399997,"74":0.60399997,"75":0.31299999,"76":0.17399999,"77":0.465,"78":0.31299999,"79":0.546,"80":0.22,"81":0.093000002,"82":0.31299999,"83":0.186,"84":0.87199998},"pricepercent":{"0":0.86000001,"1":0.51099998,"2":0.116,"3":0.51099998,"4":0.51099998,"5":0.76700002,"6":0.76700002,"7":0.51099998,"8":0.32499999,"9":0.32499999,"10":0.51099998,"11":0.51099998,"12":0.32499999,"13":0.51099998,"14":0.034000002,"15":0.034000002,"16":0.32499999,"17":0.45300001,"18":0.465,"19":0.465,"20":0.465,"21":0.465,"22":0.093000002,"23":0.91799998,"24":0.91799998,"25":0.91799998,"26":0.51099998,"27":0.51099998,"28":0.51099998,"29":0.116,"30":0.104,"31":0.27900001,"32":0.65100002,"33":0.65100002,"34":0.32499999,"35":0.51099998,"36":0.65100002,"37":0.44100001,"38":0.86000001,"39":0.86000001,"40":0.91799998,"41":0.32499999,"42":0.76700002,"43":0.76700002,"44":0.97600001,"45":0.32499999,"46":0.76700002,"47":0.65100002,"48":0.023,"49":0.83700001,"50":0.116,"51":0.27900001,"52":0.65100002,"53":0.65100002,"54":0.65100002,"55":0.96499997,"56":0.86000001,"57":0.068999998,"58":0.27900001,"59":0.081,"60":0.22,"61":0.22,"62":0.97600001,"63":0.116,"64":0.65100002,"65":0.65100002,"66":0.116,"67":0.116,"68":0.22,"69":0.057999998,"70":0.76700002,"71":0.32499999,"72":0.116,"73":0.755,"74":0.32499999,"75":0.51099998,"76":0.011,"77":0.32499999,"78":0.255,"79":0.90600002,"80":0.116,"81":0.116,"82":0.31299999,"83":0.26699999,"84":0.84799999},"winpercent":{"0":66.971725,"1":67.602936,"2":32.261086,"3":46.116505,"4":52.341465,"5":50.347546,"6":56.914547,"7":23.417824,"8":38.010963,"9":34.517681,"10":38.975037,"11":36.017628,"12":24.524988,"13":42.272076,"14":39.460556,"15":43.088924,"16":39.185505,"17":46.783348,"18":57.11974,"19":34.158958,"20":51.41243,"21":42.178772,"22":55.375454,"23":62.284481,"24":56.490501,"25":59.236122,"26":28.127439,"27":57.21925,"28":76.7686,"29":41.389557,"30":39.141056,"31":52.911392,"32":71.46505,"33":66.574585,"34":46.411716,"35":55.064072,"36":73.099556,"37":60.800701,"38":64.35334,"39":47.829754,"40":54.526451,"41":55.354046,"42":70.735641,"43":66.47068,"44":22.445341,"45":39.4468,"46":46.296597,"47":69.483788,"48":37.722336,"49":41.265511,"50":37.348522,"51":81.866257,"52":84.18029,"53":73.43499,"54":72.887901,"55":35.290756,"56":65.716286,"57":29.703691,"58":42.849144,"59":34.722,"60":63.08514,"61":55.103695,"62":37.887188,"63":45.995827,"64":76.673782,"65":59.529251,"66":59.863998,"67":52.825947,"68":67.037628,"69":34.578991,"70":33.43755,"71":32.230995,"72":27.303865,"73":54.861111,"74":48.982651,"75":43.068897,"76":45.736748,"77":49.653503,"78":47.173229,"79":81.642914,"80":45.466282,"81":39.011898,"82":44.375519,"83":41.904308,"84":49.524113}}