,Country,elf
1,Afghanistan,0.749786003
2,Albania,0.320800012
3,Algeria,0.403199958
4,Angola,0.762600009
5,Argentina,0.058874945
6,Armenia,0.041389244
7,Australia,0.292400044
8,Austria,0.135063987
9,Azerbaijan,0.152861969
10,Bahamas,0.27529096
11,Bahrain,0.855000002
12,Bangladesh,0.190828783
13,Barbados,0
14,Belarus,0.372495045
15,Belgium,0.491800026
16,Belize,0.636588015
17,Benin,0.811874987
18,Bhutan,0.759999993
19,Bolivia,0.672400001
20,Bosnia and Herzegovina,0.630319014
21,Botswana,0.667079008
22,Brazil,0.515405972
23,Brunei,0.654500007
24,Bulgaria,0.298307027
25,Burkina Faso,0.551099978
26,Burundi,0.257899959
27,Cambodia,0.096800023
28,Cameroon,0.858299998
29,Canada,0.597151029
30,Cape Verde,0
31,Central African Republic,0.877890991
32,Chad,0.920450002
33,Chile,0.166049952
34,China,0.160401624
35,Colombia,0.41304397
36,Comoros,0.546022015
37,Congo,0.879099993
38,"Congo, DRC",0.934155001
39,Costa Rica,0.292770979
40,Cote d'Ivoire,0.773899997
41,Croatia,0.180837208
42,Cuba,0.460238037
43,Cyprus,0.327599978
44,Czech Republic,0.055215994
45,Democratic People's Republic of Korea,0
46,Denmark,0
47,Djibouti,0.567899977
48,Dominican Republic,0
49,Ecuador,0.326599997
50,Egypt,0.163799952
51,El Salvador,0.180000043
52,Equatorial Guinea,0.259924012
53,Eritrea,0.613000021
54,Estonia,0.472812967
55,Ethiopia,0.760158061
56,Fiji,0.532382968
57,Finland,0.131499987
58,France,0.047355979
59,Gabon,0.777400005
60,Georgia,0.325287046
61,Germany,0
62,Ghana,0.779950001
63,Greece,0.077842041
64,Guatemala,0.504362025
65,Guinea,0.709999987
66,Guinea-Bissau,0.845099991
67,Guyana (British Guiana),0.711107006
68,Haiti,0
69,Honduras,0.166743952
70,Hungary,0.187500043
71,Iceland,0
72,India,0.879483763
73,Indonesia,0.774861852
74,Iran,0.674117103
75,Iraq,0.546148999
76,Ireland,0
77,Israel,0.773699995
78,Italy,0.125203996
79,Jamaica,0
80,Japan,0.041406014
81,Jordan,0.586399995
82,Kazakhstan,0.534005029
83,Kenya,0.851999993
84,Kosovo,0.186698043
85,Kuwait,0.934099998
86,Kyrgyzstan,0.544030015
87,Laos,0.649799989
88,Latvia,0.571462977
89,Lebanon,0.813100004
90,Lesotho,0
91,Liberia,0.985511
92,"Libya (Tripolitania, Cyrenaica, Fezzan)",0.27512803
93,Lithuania,0.283315987
94,Luxembourg,0
95,Macedonia,0.521668973
96,Madagascar,0.614533989
97,Malawi,0.608799987
98,Malaysia,0.595593971
99,Maldives,0.019899981
100,Mali,0.184200043
101,Malta,0
102,Mauritania,0.659999981
103,Mauritius,0.73069999
104,Mexico,0.335686
105,Moldova,0.422073019
106,Mongolia,0.187500043
107,Montenegro,0.69836901
108,Morocco,0.495615999
109,Mozambique,0.903538
110,Myanmar,0.52228899
111,Namibia,0.726333005
112,Nepal,0.765699996
113,Netherlands,0
114,New Zealand,0.508483002
115,Nicaragua,0.251070975
116,Niger,0.629549998
117,Nigeria,0.828750005
118,Norway,0
119,Oman,0.452399986
120,Pakistan,0.636690996
121,Panama,0.338565981
122,Papua New Guinea,0.06568796
123,Paraguay,0.106575014
124,Peru,0.596635019
125,Philippines,0.253667953
126,Poland,0.078200951
127,Portugal,0
128,Qatar,0.986544001
129,Republic of Korea,0
130,Romania,0.298089036
131,Russia,0.34628793
132,Rwanda,0.271900042
133,Saudi Arabia,0.779899993
134,Senegal,0.725949995
135,Serbia,0.295833001
136,Sierra Leone,0.811099986
137,Singapore,0.426499987
138,Slovakia,0.340163009
139,Slovenia,0.309426599
140,Solomon Is.,0
141,Somalia,0
142,South Africa,0.875724956
143,South Sudan,0.779072744
144,Spain,0.50216199
145,Sri Lanka,0.4157
146,Sudan,0.798941005
147,Suriname,0.773064852
148,Swaziland,0
149,Sweden,0
150,Switzerland,0.545010007
151,Syria,0.543300032
152,Taiwan,0.274400044
153,Tajikistan,0.310501033
154,Tanzania,0.505552017
155,Thailand,0.318750004
156,The Gambia,0.775424994
157,Timor Leste,0
158,Togo,0.733499996
159,Trinidad and Tobago,0.757719993
160,Tunisia,0.039599963
161,Turkey,0.405056437
162,Turkmenistan,0.273699959
163,Uganda,0.921572
164,Ukraine,0.328369969
165,United Arab Emirates,0.985600001
166,United Kingdom,0.324961004
167,United States,0.524502124
168,Uruguay,0.169452014
169,Uzbekistan,0.353849981
170,Venezuela,0.264542017
171,Vietnam,0.27606596
172,Yemen,0.624999993
173,Zambia,0.702599988
174,Zimbabwe,0.307900012
